location,state
selangor,Selangor
petaling,Selangor
hulu langat,Selangor
kajang/bangi/serdang,Selangor
bangsar south,Kuala Lumpur
shah alam/subang,Selangor
kuala langat,Selangor
kepong,Kuala Lumpur
klang district,Selangor
sepang,Selangor
hulu selangor,Selangor
klang/port klang,Selangor
ampang,Selangor
desa parkcity,Kuala Lumpur
setapak,Kuala Lumpur
taman desa,Kuala Lumpur
taman tun dr ismail,Kuala Lumpur
taman midah,Kuala Lumpur
sri petaling,Selangor
bandar sri permaisuri,Kuala Lumpur
bandar malaysia,Kuala Lumpur
taman oug,Kuala Lumpur
wangsa melawati,Selangor
wangsa maju,Selangor
maluri,Kuala Lumpur
salak south,Kuala Lumpur
taman bukit maluri,Kuala Lumpur
pudu,Kuala Lumpur
alam damai,Kuala Lumpur
taman danau desa,Kuala Lumpur
kepong baru,Kuala Lumpur
sentul,Kuala Lumpur
brickfields,Kuala Lumpur
bukit bintang,Kuala Lumpur
"mont kiara,",Kuala Lumpur
mid valley city,Kuala Lumpur
taman connaught,Kuala Lumpur
jalan ipoh,Kuala Lumpur
bangsar baru,Kuala Lumpur
tun razak exchange,Kuala Lumpur
bandar tasik selatan,Kuala Lumpur
"taman united,",Kuala Lumpur
happy garden,Kuala Lumpur
desa petaling,Kuala Lumpur
bandar menjalara,Kuala Lumpur
lembah keramat,Selangor
shamelin perkasa,Kuala Lumpur
taman wahyu,Kuala Lumpur
kampung sungai penchala,Kuala Lumpur
kampung pandan,Kuala Lumpur
kampung malaysia raya,Kuala Lumpur
pusat bandar damansara,Selangor
gombak setia,Selangor
setiawangsa,Kuala Lumpur
sungai besi,Kuala Lumpur
kuala lumpur,Kuala Lumpur
kl eco city,Kuala Lumpur
kuala lumpur sentral,Kuala Lumpur
kuala lumpur city centre,Kuala Lumpur
bukit damansara,Kuala Lumpur
bukit kiara,Kuala Lumpur
bukit tunku,Kuala Lumpur
sri hartamas,Kuala Lumpur
kampung baru,Kuala Lumpur
sentul pasar,Kuala Lumpur
penang island,Penang
seberang perai,Penang
penang,Penang
batu ferringhi,Penang
langkawi,Penang
sarawak,Sarawak
kuching division,Sarawak
sibu division,Sarawak
miri division,Sarawak
limbang division,Sarawak
bintulu division,Sarawak
mukah division,Sarawak
sarikei division,Sarawak
serian division,Sarawak
sabah,Sabah
kota kinabalu district,Sabah
lahad datu district,Sabah
tawau district,Sabah
sandakan district,Sabah
semporna district,Sabah
kudat distric,Sabah
penampang district,Sabah
ranau district,Sabah
johor bahru district,Johor
muar district,Johor
kulai district,Johor
kota tinggi district,Johor
pontian,Johor
tangkak district,Johor
segamat district,Johor
kluang district,Johor
batu pahat district,Johor
mersing district,Johor
johor,Johor
melaka,Melaka
melaka tengah,Melaka
alor gajah district,Melaka
pahang,Pahang
kuantan district,Pahang
bentong district,Pahang
temerloh district,Pahang
perak,Perak
kinta district,Perak
kampar district,Perak
kuala kangsar district,Perak
"larut, matang and selama district",Perak
perak tengah district,Perak
kerian district,Perak
batang padang district,Perak
kedah,Kedah
kulim district,Kedah
kubang pasu,Kedah
baling district,Kedah
pendang district,Kedah
kota setar,Kedah
kelantan,Kelantan
kota bharu district,Kelantan
pasir mas district,Kelantan
hulu perak district,Perak
hilir perak district,Perak
terengganu,Terengganu
kuala terengganu district,Terengganu
dungun,Terengganu
kemaman,Terengganu
setiu,Terengganu
negeri sembilan,Negeri Sembilan
seremban district,Negeri Sembilan
port dickson district,Negeri Sembilan
rembau district,Negeri Sembilan
jasin district,Melaka
melaka,Melaka
perlis,Perlis
padang besar,Perlis
labuan,Labuan
putrajaya,Putrajaya
cameron highlands,Pahang
pahang,Pahang
others,Others
